1,Greg,Effaunt,geffaunt0@google.com.au,Male,233.160.202.231
2,Maddy,Cryer,mcryer1@aboutads.info,Female,28.210.189.64
3,Morena,Killeley,mkilleley2@who.int,Female,59.169.80.238
4,Nickola,Frammingham,nframmingham3@is.gd,Male,62.69.120.116
5,Nicolis,Ellams,nellams4@craigslist.org,Male,98.145.255.72
6,Clyde,Cottier,ccottier5@google.ru,Male,230.73.7.254
7,Valentine,Vyvyan,vvyvyan6@bbb.org,Female,2.201.95.143
8,Dorelia,Sherrington,dsherrington7@go.com,Female,234.137.224.171
9,Son,Paley,spaley8@sohu.com,Male,123.196.66.106
10,Powell,Brunsden,pbrunsden9@washington.edu,Male,180.28.239.0
11,Oswald,Youd,oyouda@sogou.com,Male,101.197.38.88
12,Giustino,Ianni,giannib@sciencedirect.com,Male,208.190.35.25
13,Janot,Gilliat,jgilliatc@myspace.com,Female,16.79.0.247
14,Wesley,Orrobin,worrobind@samsung.com,Male,65.232.39.106
15,Ervin,Cromblehome,ecromblehomee@auda.org.au,Male,20.250.212.129
16,Shena,Glaze,sglazef@weather.com,Female,84.128.254.205
17,Haslett,Akker,hakkerg@imgur.com,Male,63.177.161.58
18,Rabi,Belverstone,rbelverstoneh@whitehouse.gov,Male,134.175.192.97
19,Rosaleen,Haylock,rhaylocki@theguardian.com,Female,11.236.68.210
20,Nonna,Deerr,ndeerrj@ebay.co.uk,Female,106.0.85.113
21,Kahlil,Gladwell,kgladwellk@com.com,Male,82.199.49.202
22,Nana,Laurant,nlaurantl@behance.net,Female,169.21.79.45
23,Nichol,Langstone,nlangstonem@vkontakte.ru,Female,6.41.208.244
24,Ibby,Kiggel,ikiggeln@bizjournals.com,Female,177.169.5.41
25,Peyton,Tutin,ptutino@umn.edu,Male,63.113.105.123
26,Menard,Immings,mimmingsp@biblegateway.com,Male,1.40.168.218
27,Yvette,Labusch,ylabuschq@e-recht24.de,Female,211.173.19.29
28,Alyse,Jakov,ajakovr@squarespace.com,Female,153.101.234.27
29,Melisande,Bomfield,mbomfields@chron.com,Female,211.18.181.218
30,Franklyn,Wraith,fwraitht@printfriendly.com,Male,205.48.99.69
31,Shirline,Lean,sleanu@netvibes.com,Female,3.179.126.130
32,Bert,Jindra,bjindrav@ebay.com,Male,156.183.45.243
33,Edlin,Izzett,eizzettw@blogs.com,Male,188.227.135.243
34,Ario,Kintzel,akintzelx@hibu.com,Male,63.142.81.92
35,Zared,Cradduck,zcradducky@ocn.ne.jp,Male,30.108.54.95
36,Albertina,Barukh,abarukhz@icq.com,Female,36.109.222.85
37,Lazarus,Rispin,lrispin10@zdnet.com,Male,78.205.175.129
38,Cele,Riep,criep11@google.ru,Female,222.86.162.221
39,Griffie,Borrows,gborrows12@msu.edu,Male,215.245.175.173
40,Carleton,Fivey,cfivey13@ebay.co.uk,Male,41.29.72.56
41,Rudolfo,Summerlee,rsummerlee14@sun.com,Male,224.91.191.244
42,Natale,Wileman,nwileman15@prnewswire.com,Male,128.147.77.254
43,Jarvis,Carverhill,jcarverhill16@sohu.com,Male,48.220.236.41
44,Terza,Sturrock,tsturrock17@jugem.jp,Female,23.182.40.62
45,Sergei,Vankin,svankin18@discovery.com,Male,174.99.173.190
46,Cathryn,Syce,csyce19@hc360.com,Female,188.228.47.26
47,Fanchette,McAllan,fmcallan1a@google.pl,Female,26.211.251.102
48,Bruce,McLucky,bmclucky1b@hud.gov,Male,165.89.125.2
49,Anna,Norcott,anorcott1c@mayoclinic.com,Female,201.51.118.91
50,Marv,Russi,mrussi1d@springer.com,Male,1.228.83.148
51,Elvyn,Cossans,ecossans1e@addthis.com,Male,191.163.197.65
52,Zuzana,Cleugher,zcleugher1f@aboutads.info,Female,150.112.207.193
53,Brockie,Murray,bmurray1g@sciencedirect.com,Male,186.100.180.76
54,Wallie,Ashment,washment1h@spiegel.de,Male,0.159.188.138
55,Gillie,Hempel,ghempel1i@flavors.me,Female,112.190.128.173
56,Glen,Spellissy,gspellissy1j@indiegogo.com,Male,59.241.69.1
57,Carie,Heatlie,cheatlie1k@dion.ne.jp,Female,126.7.130.215
58,Wiatt,Whyte,wwhyte1l@goo.gl,Male,95.18.42.19
59,Consuela,Iffland,ciffland1m@altervista.org,Female,96.55.115.37
60,Dolores,Bessett,dbessett1n@paginegialle.it,Female,163.145.184.6
61,Lowe,Silson,lsilson1o@vimeo.com,Male,137.255.212.217
62,Skelly,Cormack,scormack1p@dmoz.org,Male,72.197.62.22
63,Stesha,Woosnam,swoosnam1q@aboutads.info,Female,69.210.163.16
64,Hakim,Abriani,habriani1r@a8.net,Male,149.18.57.197
65,Rafi,McGuire,rmcguire1s@e-recht24.de,Male,119.50.233.249
66,Celesta,Fair,cfair1t@github.io,Female,1.117.50.137
67,Lemmy,Wholesworth,lwholesworth1u@quantcast.com,Male,94.230.216.62
68,Kort,Ausher,kausher1v@wisc.edu,Male,252.29.156.94
69,Jacquelynn,Barge,jbarge1w@theatlantic.com,Female,50.3.108.150
70,Damien,Hayller,dhayller1x@netscape.com,Male,242.104.64.6
71,Edward,Shout,eshout1y@hp.com,Male,243.55.70.89
72,Silvio,Shrubshall,sshrubshall1z@facebook.com,Male,37.165.171.113
73,Nikki,Traske,ntraske20@examiner.com,Male,16.178.82.219
74,Rolfe,Lobe,rlobe21@weather.com,Male,92.36.55.153
75,Susannah,Itzkin,sitzkin22@bloglovin.com,Female,170.233.209.153
76,Ursola,Drable,udrable23@bloglovin.com,Female,225.136.72.14
77,Edgar,Pallas,epallas24@networksolutions.com,Male,109.59.127.253
78,Aleen,Brunicke,abrunicke25@nature.com,Female,64.191.248.94
79,Brannon,Collett,bcollett26@creativecommons.org,Male,236.63.200.8
80,Daffi,Longlands,dlonglands27@fc2.com,Female,241.161.125.232
81,Wilhelmina,Penkethman,wpenkethman28@twitter.com,Female,196.83.210.56
82,Molly,Cardon,mcardon29@goodreads.com,Female,97.196.133.86
83,Corry,Bienvenu,cbienvenu2a@artisteer.com,Female,220.69.61.39
84,Lilli,Duddridge,lduddridge2b@apache.org,Female,247.219.251.62
85,Ramsey,Dykins,rdykins2c@xing.com,Male,100.177.137.31
86,Kendell,Conaghan,kconaghan2d@amazon.de,Male,164.29.6.44
87,Mommy,Nudde,mnudde2e@ucsd.edu,Female,119.13.137.172
88,Hailey,Pybworth,hpybworth2f@desdev.cn,Male,124.224.6.85
89,Cherise,Panner,cpanner2g@sourceforge.net,Female,214.250.251.63
90,Trixi,Ruckman,truckman2h@ow.ly,Female,141.228.209.234
91,Carlene,Bolf,cbolf2i@jigsy.com,Female,121.53.179.173
92,Ddene,Blayd,dblayd2j@ning.com,Female,177.148.143.89
93,Nico,Renals,nrenals2k@lulu.com,Male,96.153.13.46
94,Jozef,Pennicott,jpennicott2l@un.org,Male,169.178.165.81
95,Suzette,Martinot,smartinot2m@webs.com,Female,235.240.213.35
96,Grant,Hundy,ghundy2n@deviantart.com,Male,132.34.117.151
97,Lura,Benoit,lbenoit2o@japanpost.jp,Female,200.99.144.145
98,Guillemette,Anthill,ganthill2p@nytimes.com,Female,178.7.206.185
99,Cordell,Champ,cchamp2q@blogger.com,Male,212.229.74.88
100,Rhodia,Collar,rcollar2r@mac.com,Female,37.138.217.95
101,Silvia,Sillick,ssillick2s@hibu.com,Female,56.54.240.19
102,Sanson,Raddan,sraddan2t@marketwatch.com,Male,66.149.65.26
103,Lidia,Collens,lcollens2u@newyorker.com,Female,250.74.122.39
104,Garek,Raubenheim,graubenheim2v@bandcamp.com,Male,223.177.32.82
105,Dreddy,Edge,dedge2w@yale.edu,Female,133.197.74.235
106,Ginny,Fayers,gfayers2x@list-manage.com,Female,234.35.87.18
107,Chiquita,Betun,cbetun2y@sourceforge.net,Female,26.122.246.168
108,Wendall,Monnelly,wmonnelly2z@newsvine.com,Male,72.119.128.180
109,Thomasine,Grabert,tgrabert30@jiathis.com,Female,77.35.15.99
110,Willey,Shevlane,wshevlane31@examiner.com,Male,8.24.200.58
111,Zandra,Davies,zdavies32@ca.gov,Female,38.189.121.15
112,Maggee,Iacovolo,miacovolo33@mediafire.com,Female,172.73.168.177
113,Iona,Maddison,imaddison34@bbc.co.uk,Female,121.156.88.209
114,Gib,Spridgen,gspridgen35@myspace.com,Male,25.6.151.7
115,Dolf,Blackah,dblackah36@columbia.edu,Male,143.32.166.94
116,Olvan,Piell,opiell37@goo.gl,Male,181.131.170.118
117,Ham,Hakes,hhakes38@squidoo.com,Male,162.254.171.199
118,Valentia,Duckett,vduckett39@delicious.com,Female,158.44.32.31
119,Kristo,Micallef,kmicallef3a@list-manage.com,Male,39.177.72.221
120,Jamil,MacCrackan,jmaccrackan3b@army.mil,Male,8.91.2.126
121,Maximilian,Paddemore,mpaddemore3c@aol.com,Male,141.10.163.237
122,Nye,Cale,ncale3d@hp.com,Male,18.236.77.121
123,Franzen,Foulstone,ffoulstone3e@opensource.org,Male,53.230.81.162
124,Brendis,Woodthorpe,bwoodthorpe3f@oracle.com,Male,77.50.88.74
125,Libby,Stockport,lstockport3g@about.me,Female,214.244.182.67
126,Becki,Frotton,bfrotton3h@github.com,Female,39.203.71.179
127,Francesco,Zwicker,fzwicker3i@apache.org,Male,225.56.185.55
128,Dulcea,Duester,dduester3j@state.gov,Female,44.104.70.13
129,Shayna,Tunn,stunn3k@mozilla.org,Female,107.50.64.97
130,Tybalt,Mongan,tmongan3l@ucsd.edu,Male,50.46.1.23
131,Corrinne,Koopman,ckoopman3m@squidoo.com,Female,163.218.253.179
132,Jorey,MacArthur,jmacarthur3n@booking.com,Female,111.74.226.210
133,Almeda,Manvelle,amanvelle3o@xrea.com,Female,111.0.90.85
134,Christian,Verny,cverny3p@vimeo.com,Female,28.73.31.37
135,My,Kingswold,mkingswold3q@tinyurl.com,Male,38.241.244.33
136,Harwilll,Lindenbaum,hlindenbaum3r@zdnet.com,Male,12.133.177.217
137,Phoebe,Manssuer,pmanssuer3s@google.nl,Female,252.217.196.92
138,Herman,Hendrickx,hhendrickx3t@mozilla.org,Male,150.3.229.143
139,Tiebout,Bartkiewicz,tbartkiewicz3u@mashable.com,Male,129.39.170.116
140,Rory,Thurley,rthurley3v@oakley.com,Male,173.167.56.190
141,Jandy,Newbold,jnewbold3w@1und1.de,Female,199.139.14.148
142,Teresita,Valentinuzzi,tvalentinuzzi3x@hibu.com,Female,11.241.207.53
143,Magdaia,Phelip,mphelip3y@nbcnews.com,Female,65.141.127.156
144,Betsey,Caldecourt,bcaldecourt3z@wix.com,Female,221.148.70.114
145,Isobel,Skews,iskews40@shareasale.com,Female,102.99.42.241
146,Shayla,Drissell,sdrissell41@cocolog-nifty.com,Female,113.181.215.19
147,Jocelyne,Ornells,jornells42@bloomberg.com,Female,15.122.251.9
148,Jolynn,Deme,jdeme43@uiuc.edu,Female,61.51.13.198
149,Charissa,Colisbe,ccolisbe44@ox.ac.uk,Female,24.189.61.2
150,Hugo,Phippen,hphippen45@ebay.com,Male,255.48.196.208
151,Robers,Glazyer,rglazyer46@phoca.cz,Male,160.16.47.212
152,Celestyna,Athowe,cathowe47@cargocollective.com,Female,137.128.56.126
153,Deeanne,Billin,dbillin48@cnbc.com,Female,215.119.10.254
154,Consuelo,Bougen,cbougen49@t.co,Female,120.227.202.118
155,Damon,Lenz,dlenz4a@geocities.jp,Male,118.98.66.208
156,Gasper,Trass,gtrass4b@yellowbook.com,Male,70.186.245.137
157,Modestia,Checkley,mcheckley4c@etsy.com,Female,89.216.220.38
158,Giacinta,Berndtssen,gberndtssen4d@people.com.cn,Female,168.133.253.234
159,Francyne,Norcutt,fnorcutt4e@tmall.com,Female,216.125.16.254
160,Putnam,Grout,pgrout4f@paypal.com,Male,80.138.42.34
161,Anni,Binyon,abinyon4g@springer.com,Female,115.240.181.107
162,Wiatt,Whittier,wwhittier4h@ihg.com,Male,142.241.98.192
163,Carrissa,Attenbarrow,cattenbarrow4i@dailymotion.com,Female,146.232.195.243
164,Darren,Shorthill,dshorthill4j@artisteer.com,Male,237.66.203.96
165,Lyn,Heiton,lheiton4k@paypal.com,Male,130.104.60.213
166,Erie,McCray,emccray4l@alexa.com,Male,233.137.110.13
167,Florry,Stigers,fstigers4m@wufoo.com,Female,102.195.29.84
168,Fran,Spawton,fspawton4n@skyrock.com,Male,130.252.151.62
169,Tarra,Brigman,tbrigman4o@opensource.org,Female,64.111.122.63
170,Celestina,Peres,cperes4p@pcworld.com,Female,9.220.131.138
171,Aloise,Haythornthwaite,ahaythornthwaite4q@theglobeandmail.com,Female,57.50.5.249
172,Jasmin,Willmott,jwillmott4r@ocn.ne.jp,Female,243.78.152.26
173,Boycie,Pablos,bpablos4s@youku.com,Male,188.31.209.125
174,Frankie,Risbridge,frisbridge4t@alexa.com,Female,113.239.165.76
175,Norby,Lange,nlange4u@unesco.org,Male,189.42.54.12
176,Llywellyn,Upchurch,lupchurch4v@boston.com,Male,148.203.143.29
177,Cyril,Rider,crider4w@wufoo.com,Male,81.215.97.241
178,Bailie,Pearton,bpearton4x@delicious.com,Male,152.163.98.18
179,Zacharia,Venard,zvenard4y@soundcloud.com,Male,133.167.188.200
180,Averil,Narramore,anarramore4z@constantcontact.com,Female,190.72.225.175
181,Charlotte,Feedome,cfeedome50@symantec.com,Female,187.101.70.159
182,Chad,Kinrade,ckinrade51@nih.gov,Female,53.73.94.127
183,Davide,Giorgetti,dgiorgetti52@posterous.com,Male,129.48.91.158
184,Tersina,Restorick,trestorick53@princeton.edu,Female,72.96.235.130
185,Calhoun,Fauning,cfauning54@squidoo.com,Male,29.182.219.227
186,Tobit,Burcher,tburcher55@google.nl,Male,199.29.8.253
187,Sumner,Schottli,sschottli56@marketwatch.com,Male,217.141.175.58
188,Syman,Osanne,sosanne57@comcast.net,Male,162.60.81.133
189,Stafford,Buchanan,sbuchanan58@apple.com,Male,118.21.66.12
190,Witty,Klimaszewski,wklimaszewski59@wordpress.com,Male,74.176.202.194
191,Concettina,Garratt,cgarratt5a@epa.gov,Female,134.165.96.223
192,Neel,Raddin,nraddin5b@imdb.com,Male,24.245.88.159
193,Fran,Pie,fpie5c@networksolutions.com,Female,54.244.16.177
194,Dacy,Nanetti,dnanetti5d@mac.com,Female,87.142.115.181
195,Con,Krolak,ckrolak5e@latimes.com,Female,10.159.225.7
196,Gustie,Cromer,gcromer5f@surveymonkey.com,Female,110.81.176.55
197,Marlin,Rickertsen,mrickertsen5g@pen.io,Male,241.134.55.190
198,Steffie,Birckmann,sbirckmann5h@plala.or.jp,Female,251.208.213.105
199,Dalston,Haney`,dhaney5i@bandcamp.com,Male,152.189.66.19
200,Dill,Francom,dfrancom5j@ebay.com,Male,233.37.194.25
201,Bel,Sidey,bsidey5k@alexa.com,Female,135.235.225.135
202,Godiva,Grennan,ggrennan5l@baidu.com,Female,44.159.249.35
203,Tomaso,Harford,tharford5m@tinyurl.com,Male,131.245.191.176
204,Kylie,Duetschens,kduetschens5n@wikia.com,Female,143.200.165.123
205,Norah,Harlowe,nharlowe5o@mozilla.com,Female,84.74.235.137
206,Loretta,McLaughlan,lmclaughlan5p@ucsd.edu,Female,35.228.7.177
207,Fredrick,Adhams,fadhams5q@istockphoto.com,Male,148.237.73.185
208,Jasmin,Goodding,jgoodding5r@yahoo.co.jp,Female,235.31.151.99
209,Colline,Verlander,cverlander5s@sitemeter.com,Female,243.80.203.153
210,Matti,Hardington,mhardington5t@cdc.gov,Female,181.133.237.249
211,Rorie,Halladey,rhalladey5u@networksolutions.com,Female,57.253.119.153
212,Channa,Artingstall,cartingstall5v@elegantthemes.com,Female,241.137.173.228
213,Jens,Maltman,jmaltman5w@webs.com,Male,5.19.155.62
214,Gilberta,McMurrugh,gmcmurrugh5x@ca.gov,Female,156.150.102.219
215,Flory,Kenner,fkenner5y@spotify.com,Female,9.124.157.210
216,Lana,Renshaw,lrenshaw5z@cnn.com,Female,235.156.48.26
217,Veda,Eburah,veburah60@google.com.au,Female,249.32.235.126
218,Giffy,Kluger,gkluger61@networksolutions.com,Male,110.159.115.222
219,Edee,Summerell,esummerell62@dedecms.com,Female,228.154.132.37
220,Morie,Clemmens,mclemmens63@nifty.com,Male,183.181.129.80
221,Zaria,Piken,zpiken64@t-online.de,Female,66.249.106.117
222,Ernest,McRavey,emcravey65@opensource.org,Male,240.102.180.245
223,Gustav,Blakeborough,gblakeborough66@twitpic.com,Male,80.69.118.187
224,Ulla,Morter,umorter67@ustream.tv,Female,217.140.189.192
225,Sadie,Rodolf,srodolf68@unicef.org,Female,252.172.165.222
226,Coral,Sinnett,csinnett69@twitter.com,Female,73.200.102.45
227,Mildred,Wing,mwing6a@wikipedia.org,Female,190.167.101.237
228,Kale,Cavill,kcavill6b@cnbc.com,Male,12.35.2.227
229,Ileana,Ferraretto,iferraretto6c@merriam-webster.com,Female,200.25.242.248
230,Izzy,Speddin,ispeddin6d@loc.gov,Male,96.227.67.119
231,Patsy,Meale,pmeale6e@berkeley.edu,Male,37.100.247.227
232,Nolie,Brandenberg,nbrandenberg6f@dropbox.com,Female,200.226.148.130
233,Royce,Rubee,rrubee6g@ovh.net,Male,212.118.3.140
234,Hubey,Leinthall,hleinthall6h@dailymail.co.uk,Male,26.11.232.209
235,Rachael,Peggs,rpeggs6i@bravesites.com,Female,190.14.117.88
236,Carolus,Peers,cpeers6j@springer.com,Male,184.255.232.183
237,Alyssa,Waulker,awaulker6k@indiegogo.com,Female,89.177.165.35
238,Jedediah,McCarver,jmccarver6l@simplemachines.org,Male,192.238.10.68
239,Annis,Reucastle,areucastle6m@fda.gov,Female,28.249.178.84
240,Ware,Cesaric,wcesaric6n@cargocollective.com,Male,137.163.91.23
241,Bobbie,Lally,blally6o@buzzfeed.com,Male,94.211.162.193
242,Britni,Cogman,bcogman6p@bravesites.com,Female,86.0.220.59
243,Mersey,Phython,mphython6q@weebly.com,Female,125.231.205.43
244,Corina,Cumbers,ccumbers6r@blogspot.com,Female,63.248.220.243
245,Fabio,Arni,farni6s@xinhuanet.com,Male,172.87.151.83
246,Giffie,Johnstone,gjohnstone6t@purevolume.com,Male,196.38.109.38
247,Camellia,Cauldwell,ccauldwell6u@about.com,Female,68.241.238.178
248,Esma,Wethey,ewethey6v@bloglovin.com,Female,226.116.80.45
249,Aubert,Kimbrough,akimbrough6w@mit.edu,Male,22.220.194.60
250,Oliy,Vossing,ovossing6x@prnewswire.com,Female,86.241.194.81
251,Hallie,Mangion,hmangion6y@1688.com,Female,109.118.33.210
252,Donnell,Espie,despie6z@mediafire.com,Male,42.80.87.161
253,Garry,Larroway,glarroway70@harvard.edu,Male,41.94.21.108
254,Phillis,Giacobelli,pgiacobelli71@ezinearticles.com,Female,138.220.191.216
255,Boot,Child,bchild72@dmoz.org,Male,34.189.161.70
256,Basilio,Bromby,bbromby73@tripod.com,Male,228.59.174.35
257,Pearline,Gregorace,pgregorace74@narod.ru,Female,18.78.221.218
258,Karola,O' Borne,koborne75@mac.com,Female,196.175.233.160
259,Lilias,McGilroy,lmcgilroy76@addthis.com,Female,34.81.8.70
260,Dolorita,Gollin,dgollin77@ezinearticles.com,Female,86.213.36.62
261,Chris,Paul,cpaul78@newyorker.com,Male,15.133.73.107
262,Paten,Torrisi,ptorrisi79@japanpost.jp,Male,14.73.67.230
263,Ronny,Lundbech,rlundbech7a@artisteer.com,Male,150.253.77.222
264,Roger,Ferrierio,rferrierio7b@scribd.com,Male,131.76.18.25
265,Zak,Aslet,zaslet7c@liveinternet.ru,Male,166.238.198.20
266,Merill,Barendtsen,mbarendtsen7d@usa.gov,Male,85.185.252.26
267,Ashlee,Isaac,aisaac7e@rakuten.co.jp,Female,189.214.68.82
268,Heda,Sapsford,hsapsford7f@hubpages.com,Female,180.51.58.16
269,Lazare,Massingberd,lmassingberd7g@scientificamerican.com,Male,104.172.138.139
270,Marabel,Yockley,myockley7h@lycos.com,Female,211.218.131.2
271,Leo,Toffolini,ltoffolini7i@skype.com,Male,246.85.24.245
272,Marya,D'orsay,mdorsay7j@accuweather.com,Female,99.246.40.87
273,Perren,Schirach,pschirach7k@linkedin.com,Male,19.141.238.174
274,Isacco,de Almeida,idealmeida7l@netscape.com,Male,161.176.251.176
275,Benedicto,Cruces,bcruces7m@msu.edu,Male,245.175.41.246
276,Wilie,Milvarnie,wmilvarnie7n@surveymonkey.com,Female,82.98.49.41
277,Ellswerth,Palfreman,epalfreman7o@wikia.com,Male,81.73.164.167
278,Rickard,Cholonin,rcholonin7p@psu.edu,Male,242.97.179.75
279,Dun,Vela,dvela7q@dailymail.co.uk,Male,113.84.118.206
280,Dietrich,Meneyer,dmeneyer7r@soundcloud.com,Male,88.111.3.245
281,Sally,Oakes,soakes7s@examiner.com,Female,216.121.122.255
282,Ardelia,Blagburn,ablagburn7t@wp.com,Female,248.85.191.81
283,Kerwin,Rickards,krickards7u@github.io,Male,76.233.82.178
284,Katlin,Galego,kgalego7v@whitehouse.gov,Female,56.35.75.205
285,Tessi,MacCleod,tmaccleod7w@dedecms.com,Female,152.55.41.218
286,Archibald,Koppelmann,akoppelmann7x@myspace.com,Male,220.215.109.46
287,Brigg,Matisoff,bmatisoff7y@army.mil,Male,6.15.185.251
288,Kaiser,McCloch,kmccloch7z@aboutads.info,Male,37.83.65.92
289,Shaina,Geroldini,sgeroldini80@thetimes.co.uk,Female,212.217.8.165
290,Launce,Umpleby,lumpleby81@myspace.com,Male,84.169.132.217
291,Gav,Burghall,gburghall82@pen.io,Male,182.168.155.3
292,Dorisa,McColley,dmccolley83@last.fm,Female,28.135.204.84
293,Myrah,Tomaszczyk,mtomaszczyk84@hexun.com,Female,195.64.133.123
294,Laura,Fernant,lfernant85@gnu.org,Female,74.245.186.17
295,Annamaria,Hinrichs,ahinrichs86@hatena.ne.jp,Female,139.117.145.235
296,Royall,Mora,rmora87@xrea.com,Male,17.161.115.242
297,Mildrid,Hatcher,mhatcher88@skype.com,Female,208.100.166.96
298,Ava,Lisle,alisle89@yellowpages.com,Female,50.200.35.198
299,Bernardina,Gergolet,bgergolet8a@paginegialle.it,Female,13.125.15.10
300,Orsola,Calveley,ocalveley8b@cargocollective.com,Female,67.41.134.195
301,Catlin,Mix,cmix8c@yandex.ru,Female,165.150.100.101
302,Jdavie,Rubie,jrubie8d@friendfeed.com,Male,95.99.211.84
303,Lucais,Walch,lwalch8e@google.de,Male,66.77.255.88
304,Tatum,Hoofe,thoofe8f@go.com,Female,47.61.118.131
305,Osbourn,Sexty,osexty8g@va.gov,Male,209.191.239.203
306,Rubin,Hughs,rhughs8h@disqus.com,Male,56.65.11.216
307,Alexio,Jaffa,ajaffa8i@deliciousdays.com,Male,77.4.54.125
308,Rockey,Brauns,rbrauns8j@usda.gov,Male,116.201.94.202
309,Bendick,Shurville,bshurville8k@google.com.hk,Male,252.236.132.155
310,Cammy,Verbeek,cverbeek8l@i2i.jp,Male,241.171.192.87
311,Mikel,Thornton-Dewhirst,mthorntondewhirst8m@ucla.edu,Male,78.105.160.31
312,Jerri,Dobney,jdobney8n@samsung.com,Male,128.198.220.215
313,Hestia,Aizkovitch,haizkovitch8o@engadget.com,Female,151.71.166.196
314,Bekki,Ritchman,britchman8p@chicagotribune.com,Female,53.151.209.35
315,Graig,Pardi,gpardi8q@unicef.org,Male,247.36.227.140
316,Win,Rentoll,wrentoll8r@dailymail.co.uk,Male,251.31.117.29
317,Sacha,Hairsnape,shairsnape8s@squidoo.com,Female,59.54.129.134
318,Markus,Feavearyear,mfeavearyear8t@who.int,Male,109.77.149.114
319,Maximilianus,Sloy,msloy8u@github.com,Male,141.188.220.139
320,Hasheem,Janton,hjanton8v@sourceforge.net,Male,60.72.218.91
321,Lenci,Connow,lconnow8w@360.cn,Male,23.38.130.10
322,Tod,Dani,tdani8x@amazon.de,Male,233.40.134.62
323,Gretchen,Bosquet,gbosquet8y@ucoz.ru,Female,22.222.144.103
324,Dallon,Raittie,draittie8z@photobucket.com,Male,248.67.100.74
325,Cristobal,Kerwin,ckerwin90@desdev.cn,Male,242.87.149.93
326,Erhard,Cleere,ecleere91@goodreads.com,Male,220.164.170.43
327,Esmaria,Cavaney,ecavaney92@techcrunch.com,Female,131.21.143.254
328,Barbee,Hulme,bhulme93@symantec.com,Female,154.161.57.72
329,Diannne,Bolzmann,dbolzmann94@sina.com.cn,Female,7.121.87.134
330,Marylou,Bassick,mbassick95@boston.com,Female,243.239.17.34
331,Heida,Tudge,htudge96@cargocollective.com,Female,33.68.159.97
332,Hirsch,Gregg,hgregg97@sogou.com,Male,150.255.159.189
333,Dorice,Wackly,dwackly98@foxnews.com,Female,72.230.121.200
334,Corabella,Sprackling,csprackling99@timesonline.co.uk,Female,138.182.50.46
335,Andris,Burgott,aburgott9a@time.com,Male,196.170.172.33
336,Lynea,Seeman,lseeman9b@msn.com,Female,17.184.141.197
337,Carree,Lemon,clemon9c@wired.com,Female,149.82.40.166
338,Cayla,Adel,cadel9d@sbwire.com,Female,26.8.213.83
339,Catha,Plues,cplues9e@photobucket.com,Female,166.149.50.196
340,Jenny,McDermid,jmcdermid9f@cocolog-nifty.com,Female,176.54.77.81
341,Edie,MacLeod,emacleod9g@aboutads.info,Female,80.0.73.109
342,Kendal,Grevatt,kgrevatt9h@reference.com,Male,247.59.139.113
343,Carola,Seagrove,cseagrove9i@sun.com,Female,212.121.31.223
344,Berry,Mantram,bmantram9j@chronoengine.com,Female,7.148.41.90
345,Franky,Heigl,fheigl9k@globo.com,Male,113.214.189.114
346,Avrom,Kamen,akamen9l@stumbleupon.com,Male,233.225.100.136
347,Lena,Folbig,lfolbig9m@youtube.com,Female,170.123.228.186
348,Katharyn,O'Flaverty,koflaverty9n@domainmarket.com,Female,206.53.35.54
349,Erek,Bramhill,ebramhill9o@studiopress.com,Male,68.150.70.40
350,Kippie,Van den Hof,kvandenhof9p@usatoday.com,Female,203.111.0.39
351,Torrin,Napoleone,tnapoleone9q@apple.com,Male,103.6.161.134
352,Melisse,Rosenhaus,mrosenhaus9r@seattletimes.com,Female,162.131.246.8
353,Giuditta,MacMichael,gmacmichael9s@alexa.com,Female,21.108.73.109
354,Nixie,Ascough,nascough9t@amazonaws.com,Female,62.208.196.0
355,Jilli,Winwood,jwinwood9u@fc2.com,Female,203.226.168.112
356,Tamarah,Cristofano,tcristofano9v@apache.org,Female,206.48.218.31
357,Roscoe,Winckles,rwinckles9w@psu.edu,Male,7.185.91.125
358,Shalom,Pepperell,spepperell9x@ca.gov,Male,192.150.114.67
359,Hyacintha,Rainsden,hrainsden9y@rambler.ru,Female,13.230.63.152
360,Andee,Gales,agales9z@mozilla.org,Female,89.27.220.57
361,Trenna,Vennings,tvenningsa0@omniture.com,Female,5.6.44.148
362,Dario,Cumpsty,dcumpstya1@vimeo.com,Male,59.79.195.168
363,Robinette,Simonich,rsimonicha2@stanford.edu,Female,183.29.88.74
364,Errol,Trime,etrimea3@discuz.net,Male,77.35.232.252
365,Lanny,O'Kerin,lokerina4@rambler.ru,Male,8.6.220.62
366,Tyrone,Antyshev,tantysheva5@dion.ne.jp,Male,83.199.186.144
367,Fred,Ivanikhin,fivanikhina6@acquirethisname.com,Female,25.39.94.175
368,Franky,Ponsford,fponsforda7@chronoengine.com,Female,230.14.38.144
369,Mattias,Warriner,mwarrinera8@walmart.com,Male,195.46.19.143
370,Willdon,Domenichelli,wdomenichellia9@economist.com,Male,87.234.221.227
371,Min,Ginnane,mginnaneaa@who.int,Female,116.33.220.107
372,Burt,Jerzak,bjerzakab@disqus.com,Male,64.136.111.117
373,Pearce,Nucci,pnucciac@who.int,Male,101.42.89.45
374,Ted,Alves,talvesad@ucsd.edu,Male,56.246.10.160
375,Gib,Ecob,gecobae@topsy.com,Male,53.117.157.132
376,Petr,Bansal,pbansalaf@cnet.com,Male,237.41.209.0
377,Monti,Sickling,msicklingag@cbsnews.com,Male,197.7.150.191
378,Parry,Redgrave,predgraveah@hibu.com,Male,58.234.164.79
379,Tara,Caesman,tcaesmanai@usgs.gov,Female,31.231.6.49
380,Dal,Osbourn,dosbournaj@surveymonkey.com,Male,128.188.114.42
381,Wynn,Forrester,wforresterak@aol.com,Male,123.19.39.103
382,Andrey,Ply,aplyal@nih.gov,Male,114.72.200.61
383,Humberto,Pavlitschek,hpavlitschekam@loc.gov,Male,141.148.41.69
384,Shaun,Gounod,sgounodan@jimdo.com,Female,245.218.224.236
385,Lotti,Curran,lcurranao@wufoo.com,Female,133.159.196.114
386,Karleen,Caddies,kcaddiesap@cnn.com,Female,243.155.207.124
387,Regen,Symmons,rsymmonsaq@wikimedia.org,Male,76.50.186.203
388,Glenna,MacCall,gmaccallar@loc.gov,Female,222.240.15.39
389,Trudi,Litton,tlittonas@instagram.com,Female,26.24.141.217
390,Caryl,Capitano,ccapitanoat@elegantthemes.com,Female,145.94.46.175
391,Pattie,Melonby,pmelonbyau@artisteer.com,Female,221.4.116.126
392,Calli,McGooch,cmcgoochav@symantec.com,Female,77.159.100.68
393,Fan,Kairns,fkairnsaw@bizjournals.com,Female,227.11.227.20
394,Isaiah,Soeiro,isoeiroax@biblegateway.com,Male,155.111.140.181
395,Fredrick,McGarel,fmcgarelay@amazon.co.uk,Male,12.146.6.58
396,Jacinta,Barraclough,jbarracloughaz@linkedin.com,Female,76.219.112.195
397,Sim,Laurie,slaurieb0@nymag.com,Male,139.89.150.99
398,Braden,Karpeev,bkarpeevb1@github.io,Male,47.240.9.73
399,Cullie,Sandyford,csandyfordb2@prlog.org,Male,92.237.123.48
400,Orlando,Bingell,obingellb3@ebay.com,Male,224.214.225.143
401,Jania,Clunie,jclunieb4@addthis.com,Female,142.198.78.209
402,Tiffi,Kinnear,tkinnearb5@accuweather.com,Female,76.74.10.110
403,Neila,Stribling,nstriblingb6@elegantthemes.com,Female,26.196.75.34
404,Noach,Keeffe,nkeeffeb7@yandex.ru,Male,79.160.143.193
405,Jere,Leer,jleerb8@addthis.com,Female,44.85.117.36
406,Celka,Bonanno,cbonannob9@blog.com,Female,83.126.179.232
407,Hyacintha,Eccleshall,heccleshallba@geocities.jp,Female,117.114.129.171
408,Reeta,Stoving,rstovingbb@lycos.com,Female,250.195.5.78
409,Thekla,Ends,tendsbc@wsj.com,Female,134.180.32.154
410,Maggee,Tunaclift,mtunacliftbd@hubpages.com,Female,97.246.135.83
411,Terrijo,Hursey,thurseybe@github.com,Female,251.87.53.108
412,Lisha,Desporte,ldesportebf@google.de,Female,31.126.37.252
413,Armando,Frowde,afrowdebg@pinterest.com,Male,244.251.75.206
414,Verne,Common,vcommonbh@upenn.edu,Male,59.65.169.201
415,Pearle,Steere,psteerebi@linkedin.com,Female,65.175.189.163
416,Rick,Marris,rmarrisbj@surveymonkey.com,Male,177.210.249.0
417,Verla,De Michele,vdemichelebk@people.com.cn,Female,43.243.61.95
418,Othelia,Bentley,obentleybl@slideshare.net,Female,95.100.29.225
419,Nickey,Colliard,ncolliardbm@studiopress.com,Male,74.135.115.76
420,Kissiah,Romaynes,kromaynesbn@examiner.com,Female,249.33.2.210
421,Jodi,Bjerkan,jbjerkanbo@google.cn,Male,165.124.54.249
422,Laney,Edwin,ledwinbp@woothemes.com,Male,225.228.28.31
423,Mill,Kitney,mkitneybq@businessweek.com,Male,203.225.120.111
424,Theo,Slocum,tslocumbr@senate.gov,Female,21.0.135.211
425,Hubert,Calley,hcalleybs@mapy.cz,Male,69.72.101.47
426,Leicester,Toulch,ltoulchbt@admin.ch,Male,121.153.191.229
427,Bernelle,Darrington,bdarringtonbu@angelfire.com,Female,219.83.109.61
428,Chrissie,Cuesta,ccuestabv@themeforest.net,Male,86.7.194.201
429,Michel,De Witt,mdewittbw@nytimes.com,Male,233.161.20.173
430,Frasco,Alelsandrowicz,falelsandrowiczbx@chron.com,Male,93.64.213.122
431,Lief,Martschik,lmartschikby@kickstarter.com,Male,70.121.213.172
432,Morgana,Klaaassen,mklaaassenbz@ow.ly,Female,232.122.99.218
433,Dilan,Whopples,dwhopplesc0@epa.gov,Male,91.116.196.70
434,Michal,Orthmann,morthmannc1@zdnet.com,Female,22.41.207.145
435,Ebeneser,Whimper,ewhimperc2@prnewswire.com,Male,96.45.156.202
436,Ashlee,Adamsky,aadamskyc3@t-online.de,Female,30.86.117.172
437,Marylinda,Mumford,mmumfordc4@webs.com,Female,125.54.67.200
438,Artus,Hupe,ahupec5@clickbank.net,Male,160.140.52.87
439,Teddy,Canton,tcantonc6@goodreads.com,Female,195.85.71.80
440,Sollie,Caveau,scaveauc7@prweb.com,Male,224.19.165.64
441,Rhody,Melarkey,rmelarkeyc8@delicious.com,Female,180.68.161.233
442,Jake,Lockney,jlockneyc9@berkeley.edu,Male,21.199.143.34
443,Ronny,Levins,rlevinsca@scientificamerican.com,Female,124.25.102.52
444,Eugenius,Cleminson,ecleminsoncb@webs.com,Male,70.155.93.125
445,Abbott,Denning,adenningcc@opera.com,Male,110.136.57.38
446,Wilma,Morbey,wmorbeycd@myspace.com,Female,6.104.103.70
447,Orbadiah,Dyett,odyettce@google.com.au,Male,25.162.201.255
448,Laurie,Glabach,lglabachcf@soundcloud.com,Male,155.242.157.229
449,Emmi,Osbidston,eosbidstoncg@mail.ru,Female,14.251.37.173
450,Sim,Thurlborn,sthurlbornch@google.pl,Male,79.117.123.249
451,Elberta,Addess,eaddessci@sbwire.com,Female,249.161.153.245
452,Carlynne,Danher,cdanhercj@technorati.com,Female,145.109.198.218
453,Winifield,Emney,wemneyck@myspace.com,Male,243.6.156.92
454,Ewen,Spataro,espatarocl@state.tx.us,Male,158.250.250.207
455,Ky,Woolpert,kwoolpertcm@nature.com,Male,6.131.148.54
456,Britteny,Geake,bgeakecn@pen.io,Female,91.161.232.70
457,Liesa,Ventris,lventrisco@oaic.gov.au,Female,242.69.42.236
458,Deeanne,Dukelow,ddukelowcp@flickr.com,Female,14.0.58.253
459,Lizette,Davidge,ldavidgecq@nature.com,Female,110.165.112.214
460,Kristien,Ellerton,kellertoncr@cpanel.net,Female,20.147.112.225
461,Patty,Skeath,pskeathcs@cornell.edu,Male,225.61.91.232
462,Jamal,Hellin,jhellinct@chicagotribune.com,Male,78.23.199.80
463,Isabelita,Wabersinke,iwabersinkecu@cyberchimps.com,Female,37.235.38.2
464,Rip,Blayney,rblayneycv@jimdo.com,Male,127.52.63.240
465,Onofredo,Dollar,odollarcw@dailymotion.com,Male,200.108.247.216
466,Hermina,Orringe,horringecx@netscape.com,Female,32.64.86.149
467,Maddi,Gillaspy,mgillaspycy@smugmug.com,Female,87.158.201.238
468,Tessa,Angliss,tanglisscz@github.io,Female,249.112.54.30
469,Edgard,Hoolaghan,ehoolaghand0@geocities.jp,Male,205.25.4.37
470,Rae,Rushford,rrushfordd1@cbc.ca,Female,226.145.221.250
471,Nicolas,Elkins,nelkinsd2@guardian.co.uk,Male,203.47.109.90
472,Hope,Sabin,hsabind3@smugmug.com,Female,184.145.235.254
473,Gustav,Corke,gcorked4@ow.ly,Male,245.2.23.75
474,Carey,Codling,ccodlingd5@mail.ru,Male,175.228.173.187
475,Yance,Simanenko,ysimanenkod6@springer.com,Male,254.0.211.208
476,Clarie,Braybrooke,cbraybrooked7@cocolog-nifty.com,Female,188.48.14.0
477,Jeffrey,Gierok,jgierokd8@scientificamerican.com,Male,53.60.56.116
478,Arie,Durak,adurakd9@youtube.com,Male,236.69.157.50
479,Lillis,Boarer,lboarerda@reference.com,Female,224.195.4.162
480,Rani,Iddon,riddondb@seesaa.net,Female,207.107.88.213
481,Ilsa,Ardron,iardrondc@nifty.com,Female,215.149.46.241
482,Enid,Garred,egarreddd@fda.gov,Female,144.105.76.72
483,Timi,Gillean,tgilleande@deviantart.com,Female,223.60.30.239
484,Christabella,Odney,codneydf@rambler.ru,Female,87.101.63.193
485,Marget,Schukraft,mschukraftdg@angelfire.com,Female,18.24.29.218
486,Boyd,Spall,bspalldh@china.com.cn,Male,156.28.183.100
487,Saba,Storah,sstorahdi@blinklist.com,Female,88.93.112.22
488,Amory,Patterfield,apatterfielddj@nba.com,Male,163.127.30.147
489,Roderich,McDonell,rmcdonelldk@vk.com,Male,143.153.229.179
490,Isak,Brammer,ibrammerdl@newyorker.com,Male,225.198.29.12
491,Karlik,Lapley,klapleydm@freewebs.com,Male,164.232.45.32
492,Nita,Coode,ncoodedn@livejournal.com,Female,41.199.190.186
493,Oates,Smeed,osmeeddo@google.ru,Male,219.15.169.49
494,Ron,Speirs,rspeirsdp@adobe.com,Male,174.29.246.21
495,Zelda,Allain,zallaindq@gizmodo.com,Female,233.78.75.197
496,Rey,Eaglestone,reaglestonedr@goo.ne.jp,Male,221.239.147.227
497,Shelby,Quickenden,squickendends@ted.com,Male,225.211.40.231
498,Tressa,Matteris,tmatterisdt@goo.ne.jp,Female,30.144.99.49
499,Skippy,Sartain,ssartaindu@livejournal.com,Male,145.153.146.108
500,Marena,Edginton,medgintondv@amazon.co.uk,Female,239.141.195.209
501,Abbot,McCard,amccarddw@behance.net,Male,206.12.25.134
502,Sonnie,Popplewell,spopplewelldx@creativecommons.org,Male,185.191.205.160
503,Guinna,Garratty,ggarrattydy@xrea.com,Female,78.187.119.95
504,Jenelle,Kuhnhardt,jkuhnhardtdz@ibm.com,Female,0.48.91.3
505,Rosalyn,Baynom,rbaynome0@networksolutions.com,Female,140.8.1.190
506,Falito,Joinson,fjoinsone1@pagesperso-orange.fr,Male,76.204.165.155
507,Robinson,Petruskevich,rpetruskeviche2@hatena.ne.jp,Male,107.242.89.109
508,Dana,Karlolak,dkarlolake3@arstechnica.com,Male,204.227.152.189
509,Amalita,Varah,avarahe4@cisco.com,Female,138.211.254.13
510,Carny,Meriton,cmeritone5@forbes.com,Male,67.126.221.252
511,Gertrude,Oxford,goxforde6@t.co,Female,249.166.161.161
512,Krishna,Rings,kringse7@state.tx.us,Male,60.93.68.85
513,Renard,Gossart,rgossarte8@booking.com,Male,174.52.31.3
514,Elbertine,Downse,edownsee9@google.nl,Female,101.132.100.232
515,Loralee,Donalson,ldonalsonea@aboutads.info,Female,183.208.224.138
516,Edwina,Cissen,ecisseneb@cnbc.com,Female,193.207.55.137
517,Mellisa,Riveles,mrivelesec@trellian.com,Female,220.46.172.246
518,Vevay,Bearsmore,vbearsmoreed@jiathis.com,Female,86.79.124.227
519,Bourke,Scones,bsconesee@bravesites.com,Male,18.169.221.176
520,Alanna,Bettley,abettleyef@ihg.com,Female,197.200.129.243
521,Sukey,Tamburo,stamburoeg@cpanel.net,Female,209.125.92.191
522,Moina,Dowson,mdowsoneh@is.gd,Female,53.218.87.157
523,Abdul,Lagneaux,alagneauxei@behance.net,Male,63.150.134.242
524,Roderich,Holme,rholmeej@pagesperso-orange.fr,Male,60.228.153.135
525,Marita,Gimeno,mgimenoek@feedburner.com,Female,215.95.193.71
526,Shana,Loveridge,sloveridgeel@gizmodo.com,Female,150.53.161.238
527,Hadlee,Nice,hniceem@opensource.org,Male,145.75.191.62
528,Gerhard,Lidstone,glidstoneen@sphinn.com,Male,202.113.179.11
529,Nickie,Rowberry,nrowberryeo@forbes.com,Male,202.87.139.192
530,Salim,Glander,sglanderep@usatoday.com,Male,6.253.150.182
531,Efrem,Gwatkin,egwatkineq@zdnet.com,Male,181.250.205.21
532,Rafaellle,Cuthbert,rcuthberter@typepad.com,Male,119.202.134.138
533,Nellie,Bownass,nbownasses@eventbrite.com,Female,227.150.60.133
534,Sibylle,Busch,sbuschet@imdb.com,Female,235.194.219.103
535,Anabel,Fateley,afateleyeu@dell.com,Female,162.75.95.248
536,Franny,Vynarde,fvynardeev@rakuten.co.jp,Male,147.68.133.157
537,Pam,Asling,paslingew@rediff.com,Female,63.27.11.86
538,Brittney,Henighan,bhenighanex@dell.com,Female,4.243.166.241
539,Cristabel,Etches,cetchesey@dedecms.com,Female,195.191.145.178
540,Bentlee,Lipyeat,blipyeatez@ucoz.ru,Male,91.232.64.5
541,Hollis,Merredy,hmerredyf0@hostgator.com,Male,60.158.240.206
542,Jenni,Troughton,jtroughtonf1@flickr.com,Female,49.254.226.255
543,Sid,Ledamun,sledamunf2@cornell.edu,Male,164.2.70.127
544,Orran,Cressar,ocressarf3@pbs.org,Male,167.212.92.252
545,Darill,Radke,dradkef4@ed.gov,Male,62.24.230.79
546,Basilius,Aneley,baneleyf5@bigcartel.com,Male,44.85.235.173
547,Yorker,Phoenix,yphoenixf6@cnn.com,Male,241.145.48.100
548,Timmie,Priddie,tpriddief7@t-online.de,Female,245.181.103.74
549,Ilysa,Dunbobbin,idunbobbinf8@geocities.com,Female,224.186.17.252
550,Arri,Cresswell,acresswellf9@prlog.org,Male,123.3.32.193
551,Larine,Coolican,lcoolicanfa@canalblog.com,Female,88.19.38.250
552,Dawna,Hobben,dhobbenfb@ocn.ne.jp,Female,163.178.35.10
553,Tanney,Burr,tburrfc@apple.com,Male,189.120.170.43
554,Alyssa,Ovid,aovidfd@wired.com,Female,233.231.139.213
555,Hunter,Noli,hnolife@github.io,Male,29.28.31.11
556,Marmaduke,Tammadge,mtammadgeff@samsung.com,Male,252.10.188.4
557,Deanne,Fehners,dfehnersfg@instagram.com,Female,3.219.214.189
558,Kile,Tofts,ktoftsfh@mozilla.com,Male,90.191.16.148
559,Donny,Grayer,dgrayerfi@newyorker.com,Female,220.103.211.41
560,Leia,Lechelle,llechellefj@uol.com.br,Female,58.251.200.165
561,Christy,Glasner,cglasnerfk@go.com,Female,100.156.79.162
562,Town,Atcheson,tatchesonfl@naver.com,Male,84.8.234.159
563,Stillmann,Easbie,seasbiefm@trellian.com,Male,141.133.59.168
564,Kerrill,Swinyard,kswinyardfn@fda.gov,Female,146.51.85.198
565,Fleurette,Goalby,fgoalbyfo@indiatimes.com,Female,234.251.186.249
566,Carney,Pruvost,cpruvostfp@usa.gov,Male,15.143.185.88
567,Harriette,Strothers,hstrothersfq@google.co.jp,Female,24.19.159.63
568,Reynold,Montford,rmontfordfr@cbc.ca,Male,207.54.208.231
569,Babette,Tirrey,btirreyfs@java.com,Female,236.23.218.71
570,Raymond,Milleton,rmilletonft@buzzfeed.com,Male,227.109.84.75
571,Tymothy,Amorine,tamorinefu@smh.com.au,Male,142.96.77.74
572,Trstram,Lugton,tlugtonfv@chronoengine.com,Male,39.125.83.200
573,Jae,Duchant,jduchantfw@meetup.com,Male,32.22.101.250
574,Grover,Moan,gmoanfx@livejournal.com,Male,190.239.73.167
575,Megan,Heffron,mheffronfy@howstuffworks.com,Female,202.242.187.253
576,Tallie,Templar,ttemplarfz@utexas.edu,Male,0.86.228.63
577,Bobbi,Ellacott,bellacottg0@taobao.com,Female,116.244.214.251
578,Francklyn,Nicholson,fnicholsong1@google.es,Male,144.152.166.70
579,Dora,Hrishchenko,dhrishchenkog2@qq.com,Female,121.16.168.2
580,Bryan,Follett,bfollettg3@prnewswire.com,Male,44.192.143.173
581,Carrol,Waith,cwaithg4@toplist.cz,Male,75.172.61.14
582,Sherwood,Joselin,sjoseling5@is.gd,Male,191.175.57.116
583,Base,Tourmell,btourmellg6@columbia.edu,Male,105.181.54.29
584,Laura,Woolgar,lwoolgarg7@ask.com,Female,204.28.41.112
585,Roxine,Rymour,rrymourg8@hao123.com,Female,49.249.149.159
586,Antonino,Le Provest,aleprovestg9@narod.ru,Male,74.250.252.40
587,Eduino,Human,ehumanga@telegraph.co.uk,Male,11.217.170.173
588,Neal,Dinnington,ndinningtongb@aol.com,Male,3.160.194.131
589,Mick,Tear,mteargc@yolasite.com,Male,213.165.137.53
590,Loy,McGaughey,lmcgaugheygd@bloglovin.com,Male,194.207.232.166
591,Correy,Whitwam,cwhitwamge@ocn.ne.jp,Male,81.20.242.81
592,Gabbi,Itzkovich,gitzkovichgf@gov.uk,Female,30.203.205.241
593,See,Iddy,siddygg@netlog.com,Male,168.23.49.128
594,Querida,Kohlert,qkohlertgh@mail.ru,Female,229.120.74.22
595,Dreddy,Maynard,dmaynardgi@booking.com,Female,169.49.82.115
596,Fletcher,McIlwreath,fmcilwreathgj@i2i.jp,Male,230.181.126.142
597,Cletus,Pedreschi,cpedreschigk@weebly.com,Male,168.30.169.158
598,Basilius,Knapper,bknappergl@google.pl,Male,108.233.248.48
599,Wendall,Marrow,wmarrowgm@earthlink.net,Male,198.199.191.70
600,Shurlocke,Moyles,smoylesgn@tumblr.com,Male,125.78.217.114
601,Laurice,Mayzes,lmayzesgo@blogtalkradio.com,Female,85.40.190.1
602,Karlis,Widdowfield,kwiddowfieldgp@patch.com,Male,246.192.165.211
603,Chandler,Harbor,charborgq@rakuten.co.jp,Male,73.97.5.91
604,Rafa,Matthiae,rmatthiaegr@prweb.com,Female,94.244.153.67
605,Katleen,Lubbock,klubbockgs@elpais.com,Female,151.89.0.66
606,Falkner,Davis,fdavisgt@wisc.edu,Male,83.39.212.255
607,Forrester,Hollingdale,fhollingdalegu@unc.edu,Male,77.54.155.209
608,Charlotta,Marks,cmarksgv@bbb.org,Female,60.224.209.20
609,Neel,Gerritsma,ngerritsmagw@oracle.com,Male,164.58.111.108
610,Norina,Kubicek,nkubicekgx@hud.gov,Female,115.23.168.38
611,Donny,Antognazzi,dantognazzigy@gravatar.com,Male,150.93.14.198
612,Robert,Rotherforth,rrotherforthgz@linkedin.com,Male,149.96.15.215
613,Floyd,Shugg,fshuggh0@wp.com,Male,37.25.173.179
614,Saxon,Concannon,sconcannonh1@theguardian.com,Male,210.126.8.184
615,Fredelia,Banford,fbanfordh2@umich.edu,Female,156.133.121.65
616,Adolph,Urlin,aurlinh3@toplist.cz,Male,24.253.54.187
617,Hedvig,Spinello,hspinelloh4@wikia.com,Female,152.5.246.163
618,Horten,Garrioch,hgarriochh5@rediff.com,Male,12.231.234.116
619,Fabio,Parley,fparleyh6@de.vu,Male,169.232.81.52
620,Jacklin,Lawie,jlawieh7@fotki.com,Female,82.174.23.105
621,Stoddard,Lamey,slameyh8@163.com,Female,213.166.133.44
622,Claudio,Blakesley,cblakesleyh9@addthis.com,Male,78.218.148.11
623,Peirce,Iiannoni,piiannoniha@drupal.org,Male,36.16.47.91
624,Morley,Farden,mfardenhb@spiegel.de,Male,118.176.116.135
625,Tori,Elsmore,telsmorehc@123-reg.co.uk,Female,17.251.107.203
626,Daven,Syme,dsymehd@deliciousdays.com,Male,25.198.222.207
627,Reggie,McCuish,rmccuishhe@cbc.ca,Female,224.231.60.209
628,Christa,Brosnan,cbrosnanhf@last.fm,Female,223.52.168.209
629,Rodger,Forsaith,rforsaithhg@sun.com,Male,163.243.102.119
630,Oralee,Do Rosario,odorosariohh@tinyurl.com,Female,213.56.160.163
631,Tim,Boxall,tboxallhi@google.nl,Female,211.250.69.40
632,Abigael,Pedel,apedelhj@harvard.edu,Female,176.48.81.86
633,Amberly,Hastilow,ahastilowhk@lycos.com,Female,26.157.83.127
634,Erskine,Coomber,ecoomberhl@hexun.com,Male,157.242.146.213
635,Skylar,Cossar,scossarhm@squidoo.com,Male,95.34.105.193
636,Michelle,Lente,mlentehn@acquirethisname.com,Female,201.39.22.200
637,Jonie,Turfitt,jturfittho@seattletimes.com,Female,247.40.2.60
638,Rorie,Glanders,rglandershp@people.com.cn,Female,191.199.183.153
639,Angus,Cheyne,acheynehq@bigcartel.com,Male,226.99.234.2
640,Edik,Dugald,edugaldhr@geocities.com,Male,120.164.225.187
641,Patti,Owthwaite,powthwaitehs@google.com.hk,Female,204.126.158.138
642,Mag,Gullam,mgullamht@linkedin.com,Female,132.207.144.167
643,Hendrika,Claughton,hclaughtonhu@friendfeed.com,Female,13.24.53.186
644,Woodie,Barroux,wbarrouxhv@addtoany.com,Male,79.75.61.100
645,Darbee,Dowthwaite,ddowthwaitehw@ca.gov,Male,66.55.59.85
646,Vern,Berick,vberickhx@g.co,Male,130.2.233.125
647,Etienne,Doughty,edoughtyhy@ocn.ne.jp,Male,210.96.239.45
648,Ansley,Matteoni,amatteonihz@hibu.com,Female,192.28.252.109
649,Brinn,Weeke,bweekei0@webeden.co.uk,Female,17.175.68.183
650,Andromache,Hakewell,ahakewelli1@fema.gov,Female,75.90.120.249
651,Rosalia,Shurrocks,rshurrocksi2@gov.uk,Female,196.219.187.11
652,Lyndsey,Beney,lbeneyi3@domainmarket.com,Female,179.155.40.98
653,Hillyer,Knaggs,hknaggsi4@blogs.com,Male,140.72.145.67
654,Henderson,Stoyell,hstoyelli5@amazon.de,Male,141.119.15.239
655,Ozzie,Bend,obendi6@irs.gov,Male,194.158.244.202
656,Howey,Shillito,hshillitoi7@biblegateway.com,Male,93.178.178.83
657,Alleyn,Du Barry,adubarryi8@histats.com,Male,39.230.202.61
658,Darda,Booton,dbootoni9@biblegateway.com,Female,52.17.18.178
659,North,Jemmett,njemmettia@creativecommons.org,Male,12.79.177.106
660,Dickie,Creebo,dcreeboib@redcross.org,Male,8.198.148.83
661,Alejoa,Eilhart,aeilhartic@weebly.com,Male,129.213.182.26
662,Flem,Matevosian,fmatevosianid@upenn.edu,Male,54.73.59.237
663,Faunie,Edling,fedlingie@freewebs.com,Female,229.69.44.208
664,Leonardo,Bohling,lbohlingif@gizmodo.com,Male,206.131.200.122
665,Matteo,Lewsey,mlewseyig@purevolume.com,Male,184.243.145.158
666,Reinold,Goodbody,rgoodbodyih@wunderground.com,Male,203.223.150.5
667,Kassia,Scarff,kscarffii@hhs.gov,Female,24.203.84.151
668,Carmita,Bulle,cbulleij@tripadvisor.com,Female,64.97.104.196
669,Guillermo,Coggen,gcoggenik@cargocollective.com,Male,239.216.2.116
670,Dacy,Knowlman,dknowlmanil@biblegateway.com,Female,21.69.80.232
671,Ralina,Fortune,rfortuneim@unc.edu,Female,27.41.149.51
672,Lou,Reddish,lreddishin@about.me,Male,8.79.169.5
673,Jules,Yearron,jyearronio@liveinternet.ru,Male,187.110.51.53
674,Walsh,Denziloe,wdenziloeip@china.com.cn,Male,234.41.175.243
675,Brock,Poon,bpooniq@hibu.com,Male,57.67.166.219
676,Humfrey,Ausiello,hausielloir@diigo.com,Male,179.141.150.95
677,Adella,Edelston,aedelstonis@usnews.com,Female,9.229.117.146
678,Bertha,De La Coste,bdelacosteit@ezinearticles.com,Female,87.80.45.96
679,Roxanne,Lampart,rlampartiu@salon.com,Female,160.233.100.220
680,Veda,Muckley,vmuckleyiv@wikia.com,Female,16.90.101.96
681,Brice,Spykings,bspykingsiw@marriott.com,Male,232.243.163.164
682,Thelma,Alvin,talvinix@ucsd.edu,Female,223.50.14.48
683,Broddie,Fairham,bfairhamiy@ucsd.edu,Male,136.69.31.42
684,Pall,Pollastro,ppollastroiz@state.gov,Male,11.165.141.252
685,Ann,Frift,afriftj0@themeforest.net,Female,4.67.188.177
686,Rodolph,Doelle,rdoellej1@google.com.br,Male,141.50.121.240
687,Emmalynn,Thrasher,ethrasherj2@chicagotribune.com,Female,95.159.135.120
688,Ichabod,Bowery,iboweryj3@dell.com,Male,224.38.251.70
689,Skippy,Cleynman,scleynmanj4@artisteer.com,Male,106.43.104.55
690,Mercie,Barstowk,mbarstowkj5@baidu.com,Female,2.213.206.239
691,Wilden,Faloon,wfaloonj6@webnode.com,Male,50.51.195.204
692,Nevin,Scrine,nscrinej7@cornell.edu,Male,106.77.211.167
693,Chance,Gerok,cgerokj8@time.com,Male,225.77.175.39
694,Emmalyn,Grose,egrosej9@360.cn,Female,237.158.245.229
695,Cordula,Kingsbury,ckingsburyja@dagondesign.com,Female,248.180.172.250
696,Gianina,Gumn,ggumnjb@t.co,Female,195.42.90.93
697,Monique,Yanukhin,myanukhinjc@pen.io,Female,189.142.82.80
698,Aurore,Doni,adonijd@live.com,Female,125.147.67.230
699,Odelia,Tague,otagueje@instagram.com,Female,223.178.137.179
700,Ketty,Franzonetti,kfranzonettijf@4shared.com,Female,110.228.142.61
701,Morie,Brownsword,mbrownswordjg@army.mil,Male,194.205.68.66
702,Bronny,Yosselevitch,byosselevitchjh@cafepress.com,Male,179.106.30.110
703,Moss,Brigman,mbrigmanji@vimeo.com,Male,99.176.95.219
704,Normy,MacDiarmond,nmacdiarmondjj@livejournal.com,Male,92.210.38.170
705,Ken,Float,kfloatjk@parallels.com,Male,214.100.140.91
706,Aurelea,Noorwood,anoorwoodjl@oracle.com,Female,33.147.223.77
707,Emylee,Connow,econnowjm@reddit.com,Female,180.59.184.48
708,Agatha,De Giorgi,adegiorgijn@admin.ch,Female,155.67.248.63
709,Brittni,Kydd,bkyddjo@wikispaces.com,Female,87.187.81.125
710,Caitrin,Durkin,cdurkinjp@stanford.edu,Female,69.208.151.172
711,Ellswerth,Strapp,estrappjq@howstuffworks.com,Male,241.55.32.117
712,Bari,Jehan,bjehanjr@zimbio.com,Female,199.0.136.171
713,Merrilee,Crome,mcromejs@squidoo.com,Female,155.225.76.24
714,Ringo,Freckelton,rfreckeltonjt@usatoday.com,Male,92.244.145.203
715,Cyndia,Engall,cengallju@hud.gov,Female,219.221.148.144
716,Lorettalorna,Dougher,ldougherjv@w3.org,Female,224.67.94.90
717,Addia,Tindley,atindleyjw@ocn.ne.jp,Female,27.134.76.169
718,Jakie,McCullogh,jmcculloghjx@myspace.com,Male,154.139.54.55
719,Arleyne,Sharplin,asharplinjy@nationalgeographic.com,Female,55.28.235.172
720,Casi,Kolczynski,ckolczynskijz@purevolume.com,Female,4.137.59.244
721,Jordain,Arrigo,jarrigok0@washington.edu,Female,158.0.16.213
722,Bennett,Jeroch,bjerochk1@twitpic.com,Male,60.165.15.148
723,Danni,Dacre,ddacrek2@addtoany.com,Female,147.23.179.20
724,Nerti,Ferry,nferryk3@alibaba.com,Female,66.66.70.170
725,Lainey,Eddoes,leddoesk4@paypal.com,Female,15.31.10.82
726,Luella,Bernhard,lbernhardk5@wiley.com,Female,210.237.95.221
727,Jennica,Poulston,jpoulstonk6@blog.com,Female,252.53.209.183
728,Troy,Mawtus,tmawtusk7@amazonaws.com,Male,197.234.24.69
729,Saidee,Mithun,smithunk8@vk.com,Female,15.195.47.38
730,Tiff,Glasard,tglasardk9@hud.gov,Female,224.8.101.80
731,Kettie,Chaldecott,kchaldecottka@ucsd.edu,Female,235.86.238.195
732,Bond,Ghirigori,bghirigorikb@theglobeandmail.com,Male,56.176.147.34
733,Gayler,Marushak,gmarushakkc@wisc.edu,Male,82.129.196.55
734,Pattie,Seally,pseallykd@theglobeandmail.com,Male,232.197.140.123
735,Dorris,Milkin,dmilkinke@forbes.com,Female,97.28.85.223
736,Bel,Alliot,balliotkf@angelfire.com,Female,168.112.191.236
737,Bernice,Outlaw,boutlawkg@cpanel.net,Female,55.43.13.167
738,Tonya,Northeast,tnortheastkh@thetimes.co.uk,Female,128.98.26.234
739,Delmore,Townsend,dtownsendki@reddit.com,Male,138.144.243.173
740,Mable,Phelipeau,mphelipeaukj@godaddy.com,Female,178.57.243.15
741,Rollins,Greenland,rgreenlandkk@linkedin.com,Male,2.91.59.174
742,Domenico,Cancellieri,dcancellierikl@mozilla.com,Male,178.78.56.51
743,Seumas,Flaubert,sflaubertkm@guardian.co.uk,Male,186.77.98.1
744,Brand,Trewhella,btrewhellakn@prnewswire.com,Male,224.0.51.110
745,Gottfried,Asquith,gasquithko@soup.io,Male,103.119.191.91
746,Ellyn,Menelaws,emenelawskp@harvard.edu,Female,181.248.240.10
747,Kean,Campkin,kcampkinkq@dyndns.org,Male,136.255.199.73
748,Lilli,Reisk,lreiskkr@yelp.com,Female,19.73.151.124
749,Dorisa,Onslow,donslowks@bloglines.com,Female,198.183.252.128
750,Rosmunda,Victor,rvictorkt@miibeian.gov.cn,Female,155.17.161.236
751,Connor,Smallcombe,csmallcombeku@wiley.com,Male,131.84.50.100
752,Carmon,Rossin,crossinkv@freewebs.com,Female,164.163.223.160
753,Lauritz,Tuvey,ltuveykw@joomla.org,Male,234.135.67.171
754,Adena,Mariaud,amariaudkx@newyorker.com,Female,126.143.205.212
755,Kass,Beardwood,kbeardwoodky@barnesandnoble.com,Female,165.127.235.88
756,Fin,Taberner,ftabernerkz@wsj.com,Male,161.101.36.110
757,Javier,Macon,jmaconl0@cnn.com,Male,149.89.35.81
758,Merralee,Bettis,mbettisl1@sakura.ne.jp,Female,250.224.244.248
759,Tamara,Ollerenshaw,tollerenshawl2@yandex.ru,Female,48.128.248.210
760,Cordey,Coltart,ccoltartl3@blogspot.com,Female,163.83.248.173
761,Nixie,Dugget,nduggetl4@ihg.com,Female,74.248.20.247
762,Franny,O'Fielly,fofiellyl5@ihg.com,Female,137.62.62.126
763,Garreth,Sholl,gsholll6@nsw.gov.au,Male,228.192.11.40
764,Freddie,St. Ledger,fstledgerl7@dedecms.com,Female,15.246.218.127
765,Brnaba,Gladdor,bgladdorl8@utexas.edu,Male,124.213.230.140
766,Berrie,Darko,bdarkol9@latimes.com,Female,181.240.29.251
767,Hadlee,Pendrich,hpendrichla@odnoklassniki.ru,Male,129.213.17.85
768,Jerome,Hassekl,jhassekllb@skype.com,Male,147.116.25.154
769,Caye,Noades,cnoadeslc@fotki.com,Female,78.222.127.158
770,Alvinia,Amoss,aamossld@ifeng.com,Female,10.227.88.10
771,Borg,Harcase,bharcasele@harvard.edu,Male,125.203.23.58
772,Paddie,Jordon,pjordonlf@cargocollective.com,Male,139.237.230.144
773,Wadsworth,Knapton,wknaptonlg@berkeley.edu,Male,109.40.254.197
774,Lizbeth,Remer,lremerlh@aboutads.info,Female,113.240.194.141
775,Maurice,Cruz,mcruzli@netlog.com,Male,132.79.21.113
776,Charmion,Jindrak,cjindraklj@icq.com,Female,169.8.54.138
777,Tiffi,Leech,tleechlk@domainmarket.com,Female,14.47.209.125
778,Johnathan,Eckhard,jeckhardll@umich.edu,Male,212.40.234.189
779,Massimo,Steadman,msteadmanlm@fastcompany.com,Male,159.232.208.76
780,Ced,Hillam,chillamln@hugedomains.com,Male,182.48.38.88
781,Debi,Muat,dmuatlo@studiopress.com,Female,253.42.63.150
782,Willyt,Beslier,wbeslierlp@aol.com,Female,35.10.97.242
783,Verine,Edmenson,vedmensonlq@bizjournals.com,Female,234.131.166.111
784,Amanda,Huggins,ahugginslr@go.com,Female,107.130.107.218
785,Stormy,Schapiro,sschapirols@cocolog-nifty.com,Female,107.142.164.219
786,Cody,Rockcliff,crockclifflt@xing.com,Male,241.116.27.219
787,Nariko,Kardos,nkardoslu@state.tx.us,Female,112.179.193.40
788,Lee,Portch,lportchlv@123-reg.co.uk,Male,235.35.228.77
789,Jae,Martina,jmartinalw@bigcartel.com,Male,221.113.219.176
790,Whit,Imlen,wimlenlx@unicef.org,Male,219.138.54.48
791,Sibby,O'Noland,sonolandly@cloudflare.com,Female,217.20.44.62
792,Kariotta,Le Brom,klebromlz@tripadvisor.com,Female,177.209.177.8
793,Mae,Chansonne,mchansonnem0@state.tx.us,Female,209.255.200.62
794,Tulley,Kubach,tkubachm1@walmart.com,Male,93.143.103.174
795,Maximilien,McCoish,mmccoishm2@ucsd.edu,Male,240.186.184.7
796,Kimble,Wrightson,kwrightsonm3@is.gd,Male,195.27.64.106
797,Sally,Simnett,ssimnettm4@hud.gov,Female,51.66.211.92
798,Lem,Orbon,lorbonm5@china.com.cn,Male,100.220.190.52
799,Rani,Stener,rstenerm6@pinterest.com,Female,192.247.3.35
800,Giuseppe,Becker,gbeckerm7@cafepress.com,Male,67.180.27.23
801,Victoir,Attawell,vattawellm8@deliciousdays.com,Male,36.97.165.119
802,Kirsti,Gullefant,kgullefantm9@t.co,Female,98.39.189.114
803,Roseanna,Patinkin,rpatinkinma@opera.com,Female,102.253.16.79
804,Craggie,Chinge,cchingemb@boston.com,Male,203.125.162.221
805,Tarra,Van Eeden,tvaneedenmc@foxnews.com,Female,208.243.164.255
806,Jacquelin,Pieche,jpiechemd@vimeo.com,Female,115.118.98.87
807,Tomas,De Blasio,tdeblasiome@umich.edu,Male,185.210.43.228
808,Alene,Tschierasche,atschieraschemf@artisteer.com,Female,104.13.233.168
809,Ailey,Scarre,ascarremg@va.gov,Female,99.67.72.161
810,Berty,Baise,bbaisemh@is.gd,Female,210.5.75.108
811,Kahlil,Hattrick,khattrickmi@webeden.co.uk,Male,80.95.46.130
812,Pavla,Leddie,pleddiemj@wiley.com,Female,198.18.78.185
813,Derward,Gawthrop,dgawthropmk@tumblr.com,Male,161.29.216.235
814,Guy,Wrankmore,gwrankmoreml@acquirethisname.com,Male,202.238.159.118
815,Leann,Crannage,lcrannagemm@vk.com,Female,146.224.38.0
816,Randie,Bartke,rbartkemn@wix.com,Male,46.91.63.47
817,Jasmin,Howship,jhowshipmo@indiegogo.com,Female,181.175.230.158
818,Fara,Andreev,fandreevmp@seesaa.net,Female,202.175.233.1
819,Cynthie,Northill,cnorthillmq@state.gov,Female,70.253.36.81
820,Shae,Larkings,slarkingsmr@yelp.com,Male,128.171.243.177
821,Rickie,Dameisele,rdameiselems@theguardian.com,Female,224.153.40.36
822,Arie,Biggadyke,abiggadykemt@odnoklassniki.ru,Male,133.56.153.241
823,Bernarr,Gotling,bgotlingmu@loc.gov,Male,97.81.29.82
824,Kitty,Pizer,kpizermv@bbb.org,Female,123.238.48.141
825,Lucian,Varvara,lvarvaramw@wired.com,Male,81.13.239.144
826,Ashby,Borthwick,aborthwickmx@walmart.com,Male,180.170.124.200
827,Gasparo,Loftie,gloftiemy@spiegel.de,Male,26.221.38.243
828,Tobe,Jochens,tjochensmz@europa.eu,Male,227.186.28.221
829,Chiquia,Tunder,ctundern0@reuters.com,Female,43.227.75.102
830,Bertie,Hupe,bhupen1@craigslist.org,Male,240.232.114.69
831,Sheffield,McVity,smcvityn2@soundcloud.com,Male,3.188.101.103
832,Dulsea,Llewelyn,dllewelynn3@gmpg.org,Female,184.182.196.75
833,Heath,Kilrow,hkilrown4@illinois.edu,Female,121.143.99.202
834,Bengt,Deeks,bdeeksn5@hatena.ne.jp,Male,133.186.137.114
835,Ailene,Ducker,aduckern6@example.com,Female,172.70.142.127
836,Brod,Skelhorn,bskelhornn7@jiathis.com,Male,23.205.156.39
837,Raimund,Habergham,rhaberghamn8@springer.com,Male,186.165.135.218
838,Eldridge,Caws,ecawsn9@cocolog-nifty.com,Male,162.1.190.197
839,Nina,Tyzack,ntyzackna@networkadvertising.org,Female,235.212.207.123
840,Martha,Waterstone,mwaterstonenb@dyndns.org,Female,99.22.252.59
841,Maxy,Leftley,mleftleync@nbcnews.com,Female,105.149.171.164
842,Ulises,Orr,uorrnd@flavors.me,Male,21.66.158.124
843,Cosetta,Watting,cwattingne@oracle.com,Female,178.205.115.146
844,Fanchon,Gregoli,fgregolinf@timesonline.co.uk,Female,153.114.131.193
845,Kirsten,Whitham,kwhithamng@wordpress.com,Female,116.244.3.230
846,Claudian,Ciabatteri,cciabatterinh@liveinternet.ru,Male,43.160.133.179
847,Harald,Edney,hedneyni@ucla.edu,Male,201.94.9.125
848,Marten,McTrustie,mmctrustienj@unesco.org,Male,2.237.69.109
849,Derrik,Faulconbridge,dfaulconbridgenk@desdev.cn,Male,255.49.113.150
850,Dex,McCook,dmccooknl@nyu.edu,Male,34.164.18.55
851,Gates,Giffard,ggiffardnm@arizona.edu,Female,184.75.5.73
852,Foster,Thrift,fthriftnn@naver.com,Male,181.107.166.34
853,Edgar,Aronov,earonovno@nytimes.com,Male,129.240.223.216
854,Dorian,Kilborn,dkilbornnp@washingtonpost.com,Female,208.200.184.181
855,Hillard,Jiroudek,hjiroudeknq@epa.gov,Male,225.237.193.95
856,Udall,Olyunin,uolyuninnr@linkedin.com,Male,140.68.178.46
857,Teirtza,O'Keevan,tokeevanns@jigsy.com,Female,141.76.222.2
858,Devonne,Neilly,dneillynt@list-manage.com,Female,100.47.38.245
859,Lukas,Bools,lboolsnu@jiathis.com,Male,107.52.209.159
860,Kelwin,Lomax,klomaxnv@foxnews.com,Male,199.161.173.163
861,Darrick,Benet,dbenetnw@360.cn,Male,30.157.28.47
862,Lilli,Worsom,lworsomnx@bloomberg.com,Female,32.73.26.109
863,Ernestine,Craik,ecraikny@samsung.com,Female,59.26.76.173
864,Gilberta,Keating,gkeatingnz@fda.gov,Female,56.59.57.58
865,Armando,Walter,awaltero0@amazon.co.jp,Male,32.177.58.244
866,Forrester,Le Gallo,flegalloo1@squidoo.com,Male,239.109.35.242
867,Allx,Allbones,aallboneso2@blogger.com,Female,111.174.219.21
868,Bentlee,Bushby,bbushbyo3@usgs.gov,Male,155.148.111.128
869,Daffie,Kahan,dkahano4@joomla.org,Female,247.86.12.23
870,Amalie,Halpine,ahalpineo5@zdnet.com,Female,158.100.99.211
871,Jasmina,Gorring,jgorringo6@wiley.com,Female,254.79.5.196
872,Gerry,Inderwick,ginderwicko7@homestead.com,Male,43.226.170.10
873,Ashlen,Barkaway,abarkawayo8@hp.com,Female,83.237.211.184
874,Douglass,Marland,dmarlando9@about.com,Male,13.112.227.2
875,Rooney,Snadden,rsnaddenoa@weibo.com,Male,38.194.179.95
876,Jeni,Ivakin,jivakinob@fc2.com,Female,99.154.187.48
877,Jdavie,Kellard,jkellardoc@fotki.com,Male,185.7.20.94
878,Aliza,Martygin,amartyginod@cloudflare.com,Female,248.219.27.96
879,Hadria,Vequaud,hvequaudoe@google.com.au,Female,65.198.102.7
880,Kerrill,Grassot,kgrassotof@sphinn.com,Female,189.25.235.72
881,Leesa,Rumming,lrummingog@trellian.com,Female,108.221.58.248
882,Rhett,Isaacs,risaacsoh@imgur.com,Male,153.21.99.249
883,Pat,Wingham,pwinghamoi@wp.com,Male,248.139.232.238
884,Jemima,Dodshon,jdodshonoj@histats.com,Female,26.59.134.47
885,Fiona,Iddy,fiddyok@163.com,Female,68.64.66.76
886,Symon,Mottley,smottleyol@chronoengine.com,Male,216.176.19.218
887,Sullivan,Diglin,sdiglinom@stanford.edu,Male,240.12.109.164
888,Thor,Barhems,tbarhemson@people.com.cn,Male,84.23.67.151
889,Luci,Clopton,lcloptonoo@gizmodo.com,Female,113.37.154.218
890,Efrem,Doodney,edoodneyop@devhub.com,Male,47.168.177.106
891,Alphard,Dunster,adunsteroq@yellowpages.com,Male,24.254.193.96
892,Sergent,Martinets,smartinetsor@slashdot.org,Male,216.53.29.150
893,Riccardo,Wilsee,rwilseeos@independent.co.uk,Male,49.250.248.224
894,Belle,Pietrowicz,bpietrowiczot@java.com,Female,144.70.108.168
895,Abe,O' Hanvey,aohanveyou@nba.com,Male,163.42.248.201
896,Ellette,Cardillo,ecardilloov@1und1.de,Female,97.250.19.26
897,Leroy,Olsson,lolssonow@eventbrite.com,Male,180.16.160.22
898,Boycie,Card,bcardox@i2i.jp,Male,8.49.79.28
899,Silvie,Ekkel,sekkeloy@pen.io,Female,182.220.174.169
900,Adolphus,Dyka,adykaoz@wikia.com,Male,7.228.190.58
901,Blakelee,Warfield,bwarfieldp0@youtu.be,Female,103.20.203.242
902,Merry,Bambrick,mbambrickp1@github.com,Female,60.149.4.45
903,Aldin,Jouning,ajouningp2@mayoclinic.com,Male,246.242.56.59
904,Thedrick,Malim,tmalimp3@parallels.com,Male,65.14.116.142
905,Armando,Cannings,acanningsp4@theguardian.com,Male,191.243.69.199
906,Kaylyn,Lewzey,klewzeyp5@arizona.edu,Female,31.214.39.41
907,Edi,Symms,esymmsp6@discovery.com,Female,191.173.20.184
908,Hakim,Mandy,hmandyp7@bloglines.com,Male,70.120.174.14
909,Giuditta,Etchell,getchellp8@youku.com,Female,240.13.116.16
910,Vassili,Lynskey,vlynskeyp9@sina.com.cn,Male,111.98.124.125
911,Art,Atwill,aatwillpa@digg.com,Male,183.57.183.138
912,Alair,Sibthorp,asibthorppb@theatlantic.com,Male,104.34.165.100
913,Gardy,Fitchew,gfitchewpc@mediafire.com,Male,98.207.132.118
914,Mitchael,Nesbit,mnesbitpd@angelfire.com,Male,40.146.193.58
915,Athena,Bernucci,abernuccipe@boston.com,Female,225.72.124.90
916,Lorette,Kleinstern,lkleinsternpf@marriott.com,Female,101.29.245.235
917,Lyon,Buxcey,lbuxceypg@ucoz.com,Male,187.158.162.219
918,Cloe,Dudill,cdudillph@mediafire.com,Female,255.246.122.3
919,Verney,Kisting,vkistingpi@sina.com.cn,Male,65.219.212.216
920,Aylmar,Sanja,asanjapj@forbes.com,Male,83.121.117.198
921,Timmy,Kalvin,tkalvinpk@cornell.edu,Male,192.73.130.59
922,Isaiah,Hopkynson,ihopkynsonpl@unicef.org,Male,206.67.63.140
923,Arnaldo,Connow,aconnowpm@google.es,Male,34.140.99.226
924,Vic,Antoniutti,vantoniuttipn@blog.com,Male,61.212.33.222
925,Alexander,Shoesmith,ashoesmithpo@gnu.org,Male,218.139.28.189
926,Edithe,Reims,ereimspp@people.com.cn,Female,160.115.243.156
927,Harbert,Oliffe,holiffepq@so-net.ne.jp,Male,36.45.57.217
928,Natty,Thain,nthainpr@bravesites.com,Female,44.130.96.192
929,Channa,Purvess,cpurvessps@gmpg.org,Female,118.136.223.39
930,Matthaeus,Dudney,mdudneypt@wikispaces.com,Male,22.130.214.103
931,Thurston,Nealon,tnealonpu@about.com,Male,140.249.25.85
932,Haily,Filchakov,hfilchakovpv@senate.gov,Male,156.89.141.129
933,Ainsley,Lasty,alastypw@dmoz.org,Female,70.244.36.80
934,Yuri,Midford,ymidfordpx@so-net.ne.jp,Male,196.31.171.17
935,Rozamond,Piniur,rpiniurpy@utexas.edu,Female,210.187.162.138
936,Adena,Churchward,achurchwardpz@hostgator.com,Female,47.56.222.212
937,Jessika,Francino,jfrancinoq0@washingtonpost.com,Female,199.0.221.80
938,Berkeley,O'Cassidy,bocassidyq1@livejournal.com,Male,114.255.71.144
939,Bunni,Brugmann,bbrugmannq2@creativecommons.org,Female,11.44.11.104
940,Randal,Ziems,rziemsq3@utexas.edu,Male,211.90.171.106
941,Warden,Stanbro,wstanbroq4@imageshack.us,Male,87.84.223.66
942,Gav,Hazelden,ghazeldenq5@sitemeter.com,Male,142.136.35.126
943,Cody,Gainsboro,cgainsboroq6@google.com.hk,Male,74.41.133.175
944,Shandeigh,Leimster,sleimsterq7@list-manage.com,Female,99.131.126.21
945,Kay,Wadworth,kwadworthq8@boston.com,Female,196.145.109.113
946,Pedro,Aubery,pauberyq9@google.ca,Male,144.82.144.26
947,Lane,Myall,lmyallqa@earthlink.net,Male,44.109.5.15
948,Cull,Bearcroft,cbearcroftqb@bing.com,Male,17.164.245.175
949,Rayshell,Adriani,radrianiqc@meetup.com,Female,24.141.112.2
950,Whit,Branthwaite,wbranthwaiteqd@oracle.com,Male,169.169.141.133
951,Merrill,Nesey,mneseyqe@myspace.com,Male,26.183.28.125
952,Mason,Floyde,mfloydeqf@apache.org,Male,166.135.175.47
953,Dulsea,Patrickson,dpatricksonqg@whitehouse.gov,Female,8.57.219.125
954,Pennie,Easton,peastonqh@slashdot.org,Male,46.37.96.231
955,Rowland,Hutsby,rhutsbyqi@github.com,Male,200.144.130.36
956,Cullen,Swindle,cswindleqj@icq.com,Male,181.250.109.6
957,Tobe,Ciepluch,tciepluchqk@twitpic.com,Female,235.142.7.74
958,Rancell,McPake,rmcpakeql@berkeley.edu,Male,103.7.126.20
959,Madalena,Keir,mkeirqm@auda.org.au,Female,214.141.174.11
960,Matthew,Rubinsky,mrubinskyqn@moonfruit.com,Male,10.182.156.69
961,Arthur,Coaten,acoatenqo@slate.com,Male,239.149.195.119
962,Tierney,Sandels,tsandelsqp@nytimes.com,Female,242.9.129.237
963,Vince,Danielli,vdanielliqq@alibaba.com,Male,236.216.189.29
964,Mallorie,Cansdell,mcansdellqr@harvard.edu,Female,197.229.81.59
965,Gonzalo,Varley,gvarleyqs@theguardian.com,Male,207.209.231.233
966,Chandra,Van Velde,cvanveldeqt@odnoklassniki.ru,Female,200.228.12.213
967,Baxie,Furley,bfurleyqu@is.gd,Male,251.91.82.224
968,Inglebert,Quare,iquareqv@about.me,Male,53.11.171.105
969,Priscella,Blazy,pblazyqw@ehow.com,Female,202.96.217.119
970,Matelda,Lies,mliesqx@domainmarket.com,Female,143.84.254.23
971,Dov,Malicki,dmalickiqy@discovery.com,Male,28.4.58.150
972,Nels,Bamblett,nbamblettqz@mapy.cz,Male,221.101.31.133
973,Maynard,Corley,mcorleyr0@canalblog.com,Male,42.1.103.171
974,Geraldine,Dominey,gdomineyr1@google.com.au,Female,171.207.170.85
975,Garfield,Carl,gcarlr2@telegraph.co.uk,Male,115.148.240.252
976,Owen,Moreton,omoretonr3@newsvine.com,Male,155.224.219.49
977,Sheffie,Peartree,speartreer4@digg.com,Male,160.253.177.5
978,Randal,Evill,revillr5@thetimes.co.uk,Male,31.26.241.18
979,Maurene,Hedworth,mhedworthr6@state.tx.us,Female,226.176.67.142
980,Mead,Backshall,mbackshallr7@unblog.fr,Male,148.83.58.152
981,Rosy,Heare,rhearer8@example.com,Female,198.92.218.152
982,Teodorico,Greetham,tgreethamr9@mapquest.com,Male,40.5.201.139
983,Paulina,Buzin,pbuzinra@deviantart.com,Female,80.46.3.242
984,Devin,Andreopolos,dandreopolosrb@thetimes.co.uk,Male,133.129.244.107
985,Foss,Jirousek,fjirousekrc@dedecms.com,Male,184.22.240.15
986,Arlette,Scargle,ascarglerd@theguardian.com,Female,93.15.122.4
987,Fairleigh,Kitson,fkitsonre@mayoclinic.com,Male,48.90.204.68
988,Barnard,Stephen,bstephenrf@army.mil,Male,41.46.248.138
989,Jorrie,Bonnyson,jbonnysonrg@washingtonpost.com,Female,124.115.42.224
990,Skippie,Swadon,sswadonrh@reddit.com,Male,55.218.72.132
991,Abigail,Matley,amatleyri@cisco.com,Female,19.238.96.201
992,Annadiana,Dunn,adunnrj@go.com,Female,207.39.19.15
993,Emmerich,Letty,elettyrk@hexun.com,Male,143.5.147.237
994,Nona,Carlin,ncarlinrl@typepad.com,Female,97.9.9.223
995,Dorena,Cochern,dcochernrm@bbc.co.uk,Female,63.126.202.66
996,Udale,Strangeway,ustrangewayrn@last.fm,Male,28.90.218.225
997,Foster,Turnpenny,fturnpennyro@furl.net,Male,196.198.41.138
998,Patric,Kiljan,pkiljanrp@usgs.gov,Male,237.216.40.130
999,Carling,Dommersen,cdommersenrq@ibm.com,Male,88.133.115.108
1000,Milena,Leversuch,mleversuchrr@ocn.ne.jp,Female,188.40.201.74
1001,Lucy,Leversuch,mleversuchrr@ocn.ne.jp,Female,188.40.201.75